{
 "added": [
  {
   "id": 1,
   "type": "implementation",
   "installed_name": "activity-ktx",
   "gpm_dep": {
    "artifact_id": "activity-ktx",
    "default_type": "implementation",
    "docs": "https://mvnrepository.com/artifact/androidx.activity/activity-ktx",
    "get_from": "Google",
    "group_id": "androidx.activity",
    "name": "Activity Kotlin Extensions",
    "description": "Kotlin extensions for 'activity' artifact"
   }
  },
  {
   "id": 2,
   "type": "implementation",
   "installed_name": "androidx.lifecycle",
   "gpm_dep": {
    "artifact_id": "lifecycle-extensions",
    "default_type": "implementation",
    "docs": "https://mvnrepository.com/artifact/androidx.lifecycle/lifecycle-extensions",
    "get_from": "Google",
    "group_id": "androidx.lifecycle",
    "name": "Android Lifecycle Extensions",
    "description": "Android Lifecycle Extensions"
   }
  },
  {
   "id": 3,
   "type": "implementation",
   "installed_name": "livedata-ktx",
   "gpm_dep": {
    "artifact_id": "lifecycle-livedata-ktx",
    "default_type": "implementation",
    "docs": "https://mvnrepository.com/artifact/androidx.lifecycle/lifecycle-livedata-ktx",
    "get_from": "Google",
    "group_id": "androidx.lifecycle",
    "name": "LiveData Kotlin Extensions",
    "description": "Kotlin extensions for 'livedata' artifact"
   }
  },
  {
   "id": 4,
   "type": "testImplementation",
   "installed_name": "expekt",
   "gpm_dep": {
    "artifact_id": "expekt",
    "default_type": "implementation",
    "docs": "https://mvnrepository.com/artifact/com.theapache64/expekt",
    "get_from": "JCenter",
    "group_id": "com.theapache64",
    "name": "Expekt",
    "description": "An assertion library for Kotlin"
   }
  },
  {
   "id": 5,
   "type": "implementation",
   "installed_name": "timber",
   "gpm_dep": {
    "artifact_id": "timber",
    "default_type": "implementation",
    "docs": "https://mvnrepository.com/artifact/com.jakewharton.timber/timber",
    "get_from": "Central",
    "group_id": "com.jakewharton.timber",
    "name": "Timber",
    "description": "No-nonsense injectable logging."
   }
  }
 ]
}